Method,c1,Iterations,Final Function Value,Final Gradient Norm
Newton,0.5,164,0.03127,0.0001
BFGS,0.5,172,0.03127,0.0001
DFP,0.5,912,0.03127,9e-05
Newton,0.7,143,0.03127,0.0001
BFGS,0.7,423,0.03127,0.0001
DFP,0.7,896,0.03127,0.0001
Newton,0.9,184,0.03127,0.0001
BFGS,0.9,1396,0.03127,0.0001
DFP,0.9,1172,0.03127,9e-05
