Algorithm,Dimension_or_Lambda,Time,Final Function Value,Final Gradient Norm,Iterations
Steepest Descent,0,11,1.0711130447108477e-14,3.104837741718193e-07,12
Newton,0,4,3.9093303484807196e-20,5.931607972238765e-10,5
BFGS,0,6,1.706067599814109e-13,8.700133976087397e-07,7
DFP,0,7,3.05601696557498e-17,1.1199087222142084e-08,8
